{"dist_coeff": [[0.10982955101537774, -0.228086656742407, 0.0, 0.0, 0.07823919292573535]], "retVal": 0.9312433622194244, "camera_matrix": [[920.5230952510777, 0.0, 639.5], [0.0, 920.5230952510777, 359.5], [0.0, 0.0, 1.0]]}