{"essential_matrix": [[7.1060217132508375e-06, -0.00020797767482393794, 0.00016980593936595276], [-0.0006069628490393637, 0.0010037863349850887, -0.0278275788901138], [-0.0004475642420825192, 0.027830028664500482, 0.0010149222323805923]], "dist_coeff_2": [[0.17323119810890852, -0.27950270037036673, 0.0, 0.0, -0.3191532494136649]], "dist_coeff_1": [[0.2555485740933182, -0.8264477745527234, 0.0, 0.0, 0.8425189904522111]], "translation_vector": [[0.027851560772078825], [0.00017731022161678248], [0.00020174328024477533]], "rotation_matrix": [[0.9995313288749316, 0.01074865425116774, -0.028663374353037077], [-0.009706354443080288, 0.9992953263383839, 0.036257929362943794], [0.029032899974662976, -0.03596271944739135, 0.9989313157214612]], "fundamental_matrix": [[4.363427025781201e-09, -1.2770794175785702e-07, 0.00016862875934115082], [-3.72703350202953e-07, 6.163713817558931e-07, -0.02055135847612482], [-0.0001996104025699665, 0.020430011168407636, 1.0]], "retVal": 1.3538486604952185, "camera_matrix _1": [[1203.699054295347, 0.0, 639.5], [0.0, 1203.699054295347, 359.5], [0.0, 0.0, 1.0]], "camera_matrix _2": [[1203.699054295347, 0.0, 639.5], [0.0, 1203.699054295347, 359.5], [0.0, 0.0, 1.0]]}